case_id,worker_id,program_type,state,open_date,required_visit_date,actual_visit_date,days_variance,compliance_flag,case_status,outcome,month
C0001,W019,Residential,Ohio,2023-09-13,2023-09-27,2023-10-14,17,Non-Compliant,Open,N/A,2023-09
C0002,W040,Residential,Ohio,2023-07-24,2023-08-07,2023-08-05,-2,Compliant,Open,N/A,2023-07
C0003,W010,Foster Care,Ohio,2023-03-20,2023-04-19,2023-04-21,2,Non-Compliant,Open,N/A,2023-03
C0004,W043,Therapeutic Foster Care,Ohio,2023-09-28,2023-10-12,2023-10-15,3,Non-Compliant,Closed,Reunification,2023-09
C0005,W032,Residential,Kentucky,2023-02-27,2023-03-13,2023-03-13,0,Compliant,Open,N/A,2023-02
C0006,W050,Residential,Kentucky,2023-04-02,2023-05-02,2023-05-14,12,Non-Compliant,Closed,Ongoing,2023-04
C0007,W035,Family Preservation,Kentucky,2023-03-24,2023-04-23,2023-05-12,19,Non-Compliant,Under Review,N/A,2023-03
C0008,W002,Therapeutic Foster Care,Kentucky,2023-02-27,2023-03-13,2023-03-25,12,Non-Compliant,Open,N/A,2023-02
C0009,W007,Foster Care,Ohio,2023-09-06,2023-09-13,2023-10-03,20,Non-Compliant,Closed,Adoption,2023-09
C0010,W026,Family Preservation,Kentucky,2023-09-28,2023-10-28,2023-10-26,-2,Compliant,Under Review,N/A,2023-09
C0011,W029,Family Preservation,Kentucky,2023-07-24,2023-08-23,2023-08-23,0,Compliant,Closed,Aging Out,2023-07
C0012,W007,Family Preservation,Ohio,2023-06-23,2023-06-30,2023-06-28,-2,Compliant,Closed,Reunification,2023-06
C0013,W022,Foster Care,Ohio,2023-02-04,2023-02-11,2023-02-08,-3,Compliant,Open,N/A,2023-02
C0014,W019,Therapeutic Foster Care,Ohio,2023-03-09,2023-04-08,2023-04-29,21,Non-Compliant,Closed,Adoption,2023-03
C0015,W020,Therapeutic Foster Care,Kentucky,2023-02-18,2023-02-25,2023-02-24,-1,Compliant,Open,N/A,2023-02
C0016,W011,Foster Care,Kentucky,2023-02-01,2023-02-15,2023-02-12,-3,Compliant,Open,N/A,2023-02
C0017,W013,Therapeutic Foster Care,Ohio,2023-08-05,2023-08-12,2023-08-10,-2,Compliant,Closed,Reunification,2023-08
C0018,W004,Foster Care,Ohio,2023-01-08,2023-01-15,2023-01-25,10,Non-Compliant,Open,N/A,2023-01
C0019,W038,Family Preservation,Kentucky,2023-01-31,2023-02-07,2023-02-07,0,Compliant,Open,N/A,2023-01
C0020,W029,Therapeutic Foster Care,Kentucky,2023-08-05,2023-09-04,2023-09-24,20,Non-Compliant,Closed,Aging Out,2023-08
C0021,W019,Residential,Ohio,2023-01-30,2023-03-01,2023-02-26,-3,Compliant,Closed,Reunification,2023-01
C0022,W049,Therapeutic Foster Care,Ohio,2023-09-29,2023-10-06,2023-10-07,1,Non-Compliant,Open,N/A,2023-09
C0023,W022,Foster Care,Ohio,2023-07-26,2023-08-02,2023-08-23,21,Non-Compliant,Open,N/A,2023-07
C0024,W041,Foster Care,Kentucky,2023-09-25,2023-10-09,2023-10-18,9,Non-Compliant,Closed,Guardianship,2023-09
C0025,W013,Therapeutic Foster Care,Ohio,2023-06-03,2023-06-17,2023-06-14,-3,Compliant,Open,N/A,2023-06
C0026,W008,Foster Care,Kentucky,2023-04-20,2023-05-20,2023-05-19,-1,Compliant,Closed,Adoption,2023-04
C0027,W043,Family Preservation,Ohio,2023-06-04,2023-07-04,2023-07-23,19,Non-Compliant,Open,N/A,2023-06
C0028,W012,Residential,West Virginia,2023-03-10,2023-03-24,2023-03-21,-3,Compliant,Closed,Adoption,2023-03
C0029,W031,Family Preservation,Ohio,2023-04-15,2023-05-15,2023-05-14,-1,Compliant,Open,N/A,2023-04
C0030,W007,Foster Care,Ohio,2023-08-05,2023-08-19,2023-08-18,-1,Compliant,Closed,Guardianship,2023-08
C0031,W040,Therapeutic Foster Care,Ohio,2023-01-05,2023-01-12,2023-01-14,2,Non-Compliant,Under Review,N/A,2023-01
C0032,W014,Residential,Kentucky,2023-08-09,2023-08-16,2023-08-15,-1,Compliant,Closed,Reunification,2023-08
C0033,W024,Family Preservation,West Virginia,2023-02-22,2023-03-08,2023-03-24,16,Non-Compliant,Under Review,N/A,2023-02
C0034,W017,Family Preservation,Kentucky,2023-04-01,2023-04-15,2023-04-17,2,Non-Compliant,Under Review,N/A,2023-04
C0035,W023,Therapeutic Foster Care,Kentucky,2023-05-17,2023-05-24,2023-05-21,-3,Compliant,Open,N/A,2023-05
C0036,W022,Therapeutic Foster Care,Ohio,2023-04-13,2023-04-27,2023-04-25,-2,Compliant,Open,N/A,2023-04
C0037,W032,Therapeutic Foster Care,Kentucky,2023-05-23,2023-05-30,2023-06-10,11,Non-Compliant,Open,N/A,2023-05
C0038,W002,Residential,Kentucky,2023-03-01,2023-03-15,2023-03-14,-1,Compliant,Open,N/A,2023-03
C0039,W032,Residential,Kentucky,2023-08-12,2023-09-11,2023-09-17,6,Non-Compliant,Open,N/A,2023-08
C0040,W005,Residential,Kentucky,2023-08-12,2023-08-19,2023-08-20,1,Non-Compliant,Closed,Adoption,2023-08
C0041,W031,Foster Care,Ohio,2023-06-10,2023-07-10,2023-07-12,2,Non-Compliant,Under Review,N/A,2023-06
C0042,W032,Therapeutic Foster Care,Kentucky,2023-07-26,2023-08-25,2023-08-23,-2,Compliant,Open,N/A,2023-07
C0043,W017,Therapeutic Foster Care,Kentucky,2023-06-04,2023-06-18,2023-06-15,-3,Compliant,Open,N/A,2023-06
C0044,W043,Residential,Ohio,2023-08-15,2023-08-29,2023-08-30,1,Non-Compliant,Open,N/A,2023-08
C0045,W009,Family Preservation,West Virginia,2023-05-26,2023-06-25,2023-07-08,13,Non-Compliant,Open,N/A,2023-05
C0046,W030,Family Preservation,West Virginia,2023-04-26,2023-05-03,2023-04-30,-3,Compliant,Open,N/A,2023-04
C0047,W044,Foster Care,Kentucky,2023-08-01,2023-08-31,2023-09-02,2,Non-Compliant,Closed,Aging Out,2023-08
C0048,W001,Family Preservation,Ohio,2023-02-24,2023-03-10,2023-03-12,2,Non-Compliant,Open,N/A,2023-02
C0049,W010,Family Preservation,Ohio,2023-08-22,2023-08-29,2023-08-31,2,Non-Compliant,Open,N/A,2023-08
C0050,W044,Residential,Kentucky,2023-09-16,2023-09-30,2023-10-20,20,Non-Compliant,Open,N/A,2023-09
C0051,W043,Therapeutic Foster Care,Ohio,2023-05-13,2023-05-20,2023-05-19,-1,Compliant,Closed,Ongoing,2023-05
C0052,W026,Family Preservation,Kentucky,2023-08-14,2023-08-21,2023-08-19,-2,Compliant,Open,N/A,2023-08
C0053,W013,Foster Care,Ohio,2023-03-19,2023-03-26,2023-03-24,-2,Compliant,Closed,Reunification,2023-03
C0054,W043,Residential,Ohio,2023-08-01,2023-08-08,2023-08-08,0,Compliant,Open,N/A,2023-08
C0055,W038,Foster Care,Kentucky,2023-09-02,2023-09-09,2023-09-21,12,Non-Compliant,Closed,Aging Out,2023-09
C0056,W047,Family Preservation,Kentucky,2023-04-23,2023-05-07,2023-05-04,-3,Compliant,Open,N/A,2023-04
C0057,W017,Therapeutic Foster Care,Kentucky,2023-08-28,2023-09-04,2023-09-24,20,Non-Compliant,Open,N/A,2023-08
C0058,W007,Foster Care,Ohio,2023-08-08,2023-08-15,2023-08-13,-2,Compliant,Open,N/A,2023-08
C0059,W043,Family Preservation,Ohio,2023-06-17,2023-07-01,2023-07-01,0,Compliant,Open,N/A,2023-06
C0060,W027,Therapeutic Foster Care,West Virginia,2023-02-11,2023-02-25,2023-02-26,1,Non-Compliant,Open,N/A,2023-02
C0061,W009,Family Preservation,West Virginia,2023-01-21,2023-01-28,2023-02-06,9,Non-Compliant,Closed,Ongoing,2023-01
C0062,W046,Family Preservation,Ohio,2023-02-28,2023-03-30,2023-04-16,17,Non-Compliant,Closed,Guardianship,2023-02
C0063,W016,Foster Care,Ohio,2023-06-09,2023-06-16,2023-06-15,-1,Compliant,Closed,Aging Out,2023-06
C0064,W007,Family Preservation,Ohio,2023-05-05,2023-05-12,2023-05-11,-1,Compliant,Closed,Ongoing,2023-05
C0065,W036,Foster Care,West Virginia,2023-09-30,2023-10-14,2023-10-11,-3,Compliant,Open,N/A,2023-09
C0066,W046,Therapeutic Foster Care,Ohio,2023-02-24,2023-03-10,2023-03-27,17,Non-Compliant,Closed,Aging Out,2023-02
C0067,W046,Residential,Ohio,2023-08-27,2023-09-10,2023-09-11,1,Non-Compliant,Open,N/A,2023-08
C0068,W027,Foster Care,West Virginia,2023-08-19,2023-08-26,2023-09-16,21,Non-Compliant,Closed,Aging Out,2023-08
C0069,W031,Therapeutic Foster Care,Ohio,2023-04-04,2023-04-18,2023-04-17,-1,Compliant,Open,N/A,2023-04
C0070,W003,Residential,West Virginia,2023-09-22,2023-09-29,2023-10-01,2,Non-Compliant,Open,N/A,2023-09
C0071,W047,Family Preservation,Kentucky,2023-09-09,2023-09-23,2023-09-20,-3,Compliant,Open,N/A,2023-09
C0072,W028,Family Preservation,Ohio,2023-07-08,2023-07-22,2023-07-21,-1,Compliant,Open,N/A,2023-07
C0073,W035,Residential,Kentucky,2023-08-21,2023-09-04,2023-09-02,-2,Compliant,Open,N/A,2023-08
C0074,W016,Foster Care,Ohio,2023-04-09,2023-04-16,2023-04-15,-1,Compliant,Closed,Ongoing,2023-04
C0075,W020,Foster Care,Kentucky,2023-06-01,2023-06-08,2023-06-07,-1,Compliant,Open,N/A,2023-06
C0076,W005,Residential,Kentucky,2023-01-28,2023-02-27,2023-02-25,-2,Compliant,Closed,Aging Out,2023-01
C0077,W028,Foster Care,Ohio,2023-08-29,2023-09-12,2023-09-10,-2,Compliant,Under Review,N/A,2023-08
C0078,W010,Therapeutic Foster Care,Ohio,2023-02-03,2023-02-17,2023-02-18,1,Non-Compliant,Closed,Reunification,2023-02
C0079,W007,Residential,Ohio,2023-05-08,2023-05-15,2023-05-15,0,Compliant,Closed,Ongoing,2023-05
C0080,W043,Therapeutic Foster Care,Ohio,2023-08-15,2023-08-29,2023-08-29,0,Compliant,Open,N/A,2023-08
C0081,W020,Foster Care,Kentucky,2023-04-19,2023-05-03,2023-05-01,-2,Compliant,Open,N/A,2023-04
C0082,W002,Family Preservation,Kentucky,2023-07-29,2023-08-12,2023-08-12,0,Compliant,Open,N/A,2023-07
C0083,W043,Residential,Ohio,2023-02-06,2023-03-08,2023-03-07,-1,Compliant,Closed,Ongoing,2023-02
C0084,W041,Family Preservation,Kentucky,2023-02-28,2023-03-30,2023-03-28,-2,Compliant,Under Review,N/A,2023-02
C0085,W006,Foster Care,West Virginia,2023-03-26,2023-04-09,2023-04-10,1,Non-Compliant,Under Review,N/A,2023-03
C0086,W028,Therapeutic Foster Care,Ohio,2023-07-26,2023-08-09,2023-08-09,0,Compliant,Open,N/A,2023-07
C0087,W032,Therapeutic Foster Care,Kentucky,2023-05-09,2023-05-16,2023-05-18,2,Non-Compliant,Closed,Ongoing,2023-05
C0088,W026,Foster Care,Kentucky,2023-01-21,2023-01-28,2023-01-30,2,Non-Compliant,Open,N/A,2023-01
C0089,W046,Therapeutic Foster Care,Ohio,2023-02-16,2023-03-02,2023-03-01,-1,Compliant,Open,N/A,2023-02
C0090,W031,Family Preservation,Ohio,2023-07-30,2023-08-29,2023-08-31,2,Non-Compliant,Under Review,N/A,2023-07
C0091,W045,Foster Care,West Virginia,2023-02-15,2023-03-01,2023-02-26,-3,Compliant,Under Review,N/A,2023-02
C0092,W043,Foster Care,Ohio,2023-07-31,2023-08-07,2023-08-06,-1,Compliant,Closed,Aging Out,2023-07
C0093,W020,Foster Care,Kentucky,2023-05-17,2023-06-16,2023-06-15,-1,Compliant,Open,N/A,2023-05
C0094,W002,Foster Care,Kentucky,2023-05-03,2023-06-02,2023-06-03,1,Non-Compliant,Open,N/A,2023-05
C0095,W010,Family Preservation,Ohio,2023-08-25,2023-09-01,2023-08-30,-2,Compliant,Open,N/A,2023-08
C0096,W041,Residential,Kentucky,2023-09-05,2023-09-19,2023-09-20,1,Non-Compliant,Open,N/A,2023-09
C0097,W007,Family Preservation,Ohio,2023-05-22,2023-06-05,2023-06-06,1,Non-Compliant,Open,N/A,2023-05
C0098,W046,Residential,Ohio,2023-03-18,2023-04-01,2023-03-31,-1,Compliant,Open,N/A,2023-03
C0099,W044,Therapeutic Foster Care,Kentucky,2023-06-14,2023-06-21,2023-07-01,10,Non-Compliant,Closed,Adoption,2023-06
C0100,W006,Therapeutic Foster Care,West Virginia,2023-06-12,2023-07-12,2023-07-12,0,Compliant,Open,N/A,2023-06
C0101,W047,Family Preservation,Kentucky,2023-01-19,2023-01-26,2023-01-27,1,Non-Compliant,Open,N/A,2023-01
C0102,W010,Therapeutic Foster Care,Ohio,2023-09-27,2023-10-11,2023-10-09,-2,Compliant,Open,N/A,2023-09
C0103,W008,Family Preservation,Kentucky,2023-08-29,2023-09-12,2023-09-14,2,Non-Compliant,Open,N/A,2023-08
C0104,W037,Residential,Ohio,2023-06-12,2023-07-12,2023-07-12,0,Compliant,Closed,Reunification,2023-06
C0105,W029,Family Preservation,Kentucky,2023-04-27,2023-05-27,2023-05-24,-3,Compliant,Closed,Reunification,2023-04
C0106,W001,Residential,Ohio,2023-01-24,2023-02-07,2023-02-06,-1,Compliant,Open,N/A,2023-01
C0107,W049,Family Preservation,Ohio,2023-07-30,2023-08-29,2023-08-27,-2,Compliant,Open,N/A,2023-07
C0108,W022,Therapeutic Foster Care,Ohio,2023-09-12,2023-10-12,2023-10-12,0,Compliant,Closed,Aging Out,2023-09
C0109,W043,Foster Care,Ohio,2023-05-28,2023-06-27,2023-06-24,-3,Compliant,Open,N/A,2023-05
C0110,W040,Residential,Ohio,2023-05-09,2023-05-23,2023-05-21,-2,Compliant,Under Review,N/A,2023-05
C0111,W024,Foster Care,West Virginia,2023-07-15,2023-08-14,2023-08-13,-1,Compliant,Under Review,N/A,2023-07
C0112,W025,Therapeutic Foster Care,Ohio,2023-01-05,2023-02-04,2023-02-06,2,Non-Compliant,Under Review,N/A,2023-01
C0113,W030,Therapeutic Foster Care,West Virginia,2023-04-28,2023-05-28,2023-06-07,10,Non-Compliant,Closed,Ongoing,2023-04
C0114,W010,Family Preservation,Ohio,2023-01-21,2023-02-04,2023-02-01,-3,Compliant,Closed,Adoption,2023-01
C0115,W031,Residential,Ohio,2023-08-01,2023-08-08,2023-08-09,1,Non-Compliant,Closed,Guardianship,2023-08
C0116,W017,Residential,Kentucky,2023-05-12,2023-05-26,2023-06-07,12,Non-Compliant,Closed,Guardianship,2023-05
C0117,W009,Therapeutic Foster Care,West Virginia,2023-03-14,2023-03-21,2023-04-05,15,Non-Compliant,Under Review,N/A,2023-03
C0118,W009,Residential,West Virginia,2023-07-22,2023-07-29,2023-07-26,-3,Compliant,Open,N/A,2023-07
C0119,W038,Residential,Kentucky,2023-07-10,2023-07-17,2023-07-17,0,Compliant,Open,N/A,2023-07
C0120,W024,Residential,West Virginia,2023-02-02,2023-03-04,2023-03-16,12,Non-Compliant,Closed,Reunification,2023-02
C0121,W028,Foster Care,Ohio,2023-09-10,2023-09-17,2023-09-18,1,Non-Compliant,Open,N/A,2023-09
C0122,W014,Therapeutic Foster Care,Kentucky,2023-08-01,2023-08-31,2023-08-31,0,Compliant,Closed,Guardianship,2023-08
C0123,W019,Residential,Ohio,2023-08-16,2023-08-30,2023-09-13,14,Non-Compliant,Open,N/A,2023-08
C0124,W005,Residential,Kentucky,2023-07-23,2023-08-06,2023-08-03,-3,Compliant,Under Review,N/A,2023-07
C0125,W021,Foster Care,West Virginia,2023-01-11,2023-01-18,2023-01-28,10,Non-Compliant,Under Review,N/A,2023-01
C0126,W008,Family Preservation,Kentucky,2023-04-17,2023-05-17,2023-05-15,-2,Compliant,Open,N/A,2023-04
C0127,W025,Foster Care,Ohio,2023-03-16,2023-03-23,2023-03-21,-2,Compliant,Open,N/A,2023-03
C0128,W003,Family Preservation,West Virginia,2023-07-03,2023-07-10,2023-07-07,-3,Compliant,Open,N/A,2023-07
C0129,W049,Therapeutic Foster Care,Ohio,2023-02-28,2023-03-30,2023-03-30,0,Compliant,Closed,Ongoing,2023-02
C0130,W050,Therapeutic Foster Care,Kentucky,2023-04-24,2023-05-24,2023-05-26,2,Non-Compliant,Open,N/A,2023-04
C0131,W005,Foster Care,Kentucky,2023-09-03,2023-09-17,2023-09-14,-3,Compliant,Open,N/A,2023-09
C0132,W009,Foster Care,West Virginia,2023-06-14,2023-07-14,2023-07-12,-2,Compliant,Open,N/A,2023-06
C0133,W038,Residential,Kentucky,2023-09-29,2023-10-13,2023-10-14,1,Non-Compliant,Open,N/A,2023-09
C0134,W020,Foster Care,Kentucky,2023-08-09,2023-08-23,2023-09-08,16,Non-Compliant,Open,N/A,2023-08
C0135,W011,Therapeutic Foster Care,Kentucky,2023-06-10,2023-06-24,2023-06-23,-1,Compliant,Open,N/A,2023-06
C0136,W007,Therapeutic Foster Care,Ohio,2023-02-16,2023-02-23,2023-02-20,-3,Compliant,Closed,Guardianship,2023-02
C0137,W033,Foster Care,West Virginia,2023-03-04,2023-03-18,2023-03-20,2,Non-Compliant,Under Review,N/A,2023-03
C0138,W028,Foster Care,Ohio,2023-06-09,2023-06-23,2023-06-24,1,Non-Compliant,Open,N/A,2023-06
C0139,W011,Family Preservation,Kentucky,2023-06-29,2023-07-29,2023-07-28,-1,Compliant,Closed,Aging Out,2023-06
C0140,W027,Foster Care,West Virginia,2023-01-15,2023-01-22,2023-01-21,-1,Compliant,Under Review,N/A,2023-01
C0141,W013,Family Preservation,Ohio,2023-07-25,2023-08-01,2023-08-03,2,Non-Compliant,Under Review,N/A,2023-07
C0142,W037,Family Preservation,Ohio,2023-08-03,2023-08-17,2023-08-16,-1,Compliant,Open,N/A,2023-08
C0143,W004,Foster Care,Ohio,2023-03-21,2023-03-28,2023-03-25,-3,Compliant,Closed,Guardianship,2023-03
C0144,W046,Therapeutic Foster Care,Ohio,2023-08-15,2023-08-29,2023-08-30,1,Non-Compliant,Open,N/A,2023-08
C0145,W046,Residential,Ohio,2023-09-27,2023-10-27,2023-10-25,-2,Compliant,Open,N/A,2023-09
C0146,W020,Foster Care,Kentucky,2023-06-04,2023-06-11,2023-06-10,-1,Compliant,Open,N/A,2023-06
C0147,W040,Therapeutic Foster Care,Ohio,2023-03-31,2023-04-07,2023-04-09,2,Non-Compliant,Open,N/A,2023-03
C0148,W008,Residential,Kentucky,2023-07-23,2023-08-22,2023-08-19,-3,Compliant,Open,N/A,2023-07
C0149,W040,Residential,Ohio,2023-07-27,2023-08-26,2023-08-25,-1,Compliant,Open,N/A,2023-07
C0150,W016,Residential,Ohio,2023-08-24,2023-09-23,2023-09-28,5,Non-Compliant,Open,N/A,2023-08
C0151,W037,Therapeutic Foster Care,Ohio,2023-09-26,2023-10-03,2023-10-02,-1,Compliant,Closed,Adoption,2023-09
C0152,W007,Family Preservation,Ohio,2023-09-19,2023-10-19,2023-10-20,1,Non-Compliant,Open,N/A,2023-09
C0153,W014,Residential,Kentucky,2023-05-01,2023-05-08,2023-05-06,-2,Compliant,Open,N/A,2023-05
C0154,W016,Foster Care,Ohio,2023-09-10,2023-09-24,2023-09-25,1,Non-Compliant,Open,N/A,2023-09
C0155,W033,Residential,West Virginia,2023-03-19,2023-04-02,2023-04-02,0,Compliant,Closed,Guardianship,2023-03
C0156,W050,Residential,Kentucky,2023-02-07,2023-02-21,2023-02-18,-3,Compliant,Open,N/A,2023-02
C0157,W009,Foster Care,West Virginia,2023-09-17,2023-10-01,2023-10-02,1,Non-Compliant,Under Review,N/A,2023-09
C0158,W044,Foster Care,Kentucky,2023-04-07,2023-04-21,2023-04-22,1,Non-Compliant,Open,N/A,2023-04
C0159,W031,Foster Care,Ohio,2023-02-13,2023-03-15,2023-03-12,-3,Compliant,Open,N/A,2023-02
C0160,W049,Therapeutic Foster Care,Ohio,2023-09-25,2023-10-25,2023-10-24,-1,Compliant,Under Review,N/A,2023-09
C0161,W004,Residential,Ohio,2023-06-21,2023-06-28,2023-06-29,1,Non-Compliant,Closed,Guardianship,2023-06
C0162,W031,Family Preservation,Ohio,2023-02-11,2023-03-13,2023-03-12,-1,Compliant,Open,N/A,2023-02
C0163,W014,Therapeutic Foster Care,Kentucky,2023-02-13,2023-02-27,2023-03-01,2,Non-Compliant,Closed,Adoption,2023-02
C0164,W041,Foster Care,Kentucky,2023-09-18,2023-10-02,2023-10-01,-1,Compliant,Open,N/A,2023-09
C0165,W019,Therapeutic Foster Care,Ohio,2023-04-26,2023-05-03,2023-05-02,-1,Compliant,Closed,Reunification,2023-04
C0166,W032,Foster Care,Kentucky,2023-03-09,2023-04-08,2023-04-06,-2,Compliant,Open,N/A,2023-03
C0167,W044,Family Preservation,Kentucky,2023-01-23,2023-02-06,2023-02-08,2,Non-Compliant,Open,N/A,2023-01
C0168,W043,Residential,Ohio,2023-04-30,2023-05-30,2023-05-30,0,Compliant,Under Review,N/A,2023-04
C0169,W043,Therapeutic Foster Care,Ohio,2023-05-25,2023-06-08,2023-06-08,0,Compliant,Under Review,N/A,2023-05
C0170,W027,Family Preservation,West Virginia,2023-01-27,2023-02-26,2023-02-25,-1,Compliant,Closed,Reunification,2023-01
C0171,W029,Foster Care,Kentucky,2023-02-12,2023-02-19,2023-02-20,1,Non-Compliant,Open,N/A,2023-02
C0172,W043,Family Preservation,Ohio,2023-06-28,2023-07-05,2023-07-05,0,Compliant,Open,N/A,2023-06
C0173,W034,Foster Care,Ohio,2023-04-25,2023-05-02,2023-04-29,-3,Compliant,Closed,Guardianship,2023-04
C0174,W005,Family Preservation,Kentucky,2023-05-27,2023-06-10,2023-06-08,-2,Compliant,Closed,Aging Out,2023-05
C0175,W007,Foster Care,Ohio,2023-01-10,2023-01-24,2023-01-22,-2,Compliant,Open,N/A,2023-01
C0176,W011,Therapeutic Foster Care,Kentucky,2023-05-28,2023-06-04,2023-06-01,-3,Compliant,Open,N/A,2023-05
C0177,W008,Therapeutic Foster Care,Kentucky,2023-02-26,2023-03-12,2023-03-09,-3,Compliant,Closed,Ongoing,2023-02
C0178,W028,Family Preservation,Ohio,2023-08-08,2023-08-15,2023-08-13,-2,Compliant,Closed,Adoption,2023-08
C0179,W050,Foster Care,Kentucky,2023-07-04,2023-07-11,2023-07-31,20,Non-Compliant,Open,N/A,2023-07
C0180,W039,Foster Care,West Virginia,2023-08-29,2023-09-05,2023-09-04,-1,Compliant,Open,N/A,2023-08
C0181,W034,Foster Care,Ohio,2023-05-04,2023-06-03,2023-05-31,-3,Compliant,Closed,Guardianship,2023-05
C0182,W031,Residential,Ohio,2023-03-31,2023-04-30,2023-05-02,2,Non-Compliant,Open,N/A,2023-03
C0183,W007,Family Preservation,Ohio,2023-08-23,2023-08-30,2023-08-27,-3,Compliant,Closed,Reunification,2023-08
C0184,W049,Residential,Ohio,2023-07-23,2023-08-22,2023-08-19,-3,Compliant,Closed,Adoption,2023-07
C0185,W031,Foster Care,Ohio,2023-05-20,2023-05-27,2023-05-27,0,Compliant,Closed,Aging Out,2023-05
C0186,W033,Therapeutic Foster Care,West Virginia,2023-04-06,2023-04-20,2023-04-19,-1,Compliant,Under Review,N/A,2023-04
C0187,W041,Foster Care,Kentucky,2023-02-10,2023-02-24,2023-02-22,-2,Compliant,Open,N/A,2023-02
C0188,W031,Foster Care,Ohio,2023-06-01,2023-06-15,2023-06-17,2,Non-Compliant,Open,N/A,2023-06
C0189,W044,Residential,Kentucky,2023-01-22,2023-02-21,2023-03-07,14,Non-Compliant,Closed,Aging Out,2023-01
C0190,W007,Foster Care,Ohio,2023-07-27,2023-08-10,2023-08-12,2,Non-Compliant,Closed,Reunification,2023-07
C0191,W004,Therapeutic Foster Care,Ohio,2023-03-06,2023-03-13,2023-03-15,2,Non-Compliant,Open,N/A,2023-03
C0192,W013,Foster Care,Ohio,2023-08-19,2023-09-02,2023-08-30,-3,Compliant,Closed,Ongoing,2023-08
C0193,W025,Residential,Ohio,2023-05-08,2023-05-15,2023-05-13,-2,Compliant,Open,N/A,2023-05
C0194,W025,Foster Care,Ohio,2023-05-14,2023-06-13,2023-06-14,1,Non-Compliant,Open,N/A,2023-05
C0195,W021,Therapeutic Foster Care,West Virginia,2023-03-04,2023-03-11,2023-03-28,17,Non-Compliant,Open,N/A,2023-03
C0196,W032,Foster Care,Kentucky,2023-06-27,2023-07-27,2023-07-28,1,Non-Compliant,Open,N/A,2023-06
C0197,W016,Family Preservation,Ohio,2023-07-05,2023-08-04,2023-08-02,-2,Compliant,Closed,Adoption,2023-07
C0198,W035,Foster Care,Kentucky,2023-07-08,2023-07-22,2023-08-11,20,Non-Compliant,Open,N/A,2023-07
C0199,W030,Foster Care,West Virginia,2023-07-23,2023-08-22,2023-08-23,1,Non-Compliant,Open,N/A,2023-07
C0200,W013,Foster Care,Ohio,2023-06-12,2023-07-12,2023-07-12,0,Compliant,Closed,Guardianship,2023-06
C0201,W013,Family Preservation,Ohio,2023-08-10,2023-09-09,2023-09-13,4,Non-Compliant,Closed,Ongoing,2023-08
C0202,W016,Family Preservation,Ohio,2023-06-15,2023-07-15,2023-07-16,1,Non-Compliant,Closed,Reunification,2023-06
C0203,W013,Residential,Ohio,2023-06-05,2023-07-05,2023-07-06,1,Non-Compliant,Closed,Ongoing,2023-06
C0204,W018,Family Preservation,West Virginia,2023-06-22,2023-07-22,2023-07-19,-3,Compliant,Open,N/A,2023-06
C0205,W021,Residential,West Virginia,2023-08-02,2023-09-01,2023-09-01,0,Compliant,Closed,Ongoing,2023-08
C0206,W046,Residential,Ohio,2023-05-06,2023-06-05,2023-06-05,0,Compliant,Open,N/A,2023-05
C0207,W040,Therapeutic Foster Care,Ohio,2023-09-05,2023-09-19,2023-09-20,1,Non-Compliant,Open,N/A,2023-09
C0208,W036,Residential,West Virginia,2023-07-24,2023-07-31,2023-08-19,19,Non-Compliant,Closed,Guardianship,2023-07
C0209,W025,Foster Care,Ohio,2023-08-19,2023-08-26,2023-08-23,-3,Compliant,Open,N/A,2023-08
C0210,W022,Therapeutic Foster Care,Ohio,2023-03-23,2023-04-06,2023-04-19,13,Non-Compliant,Open,N/A,2023-03
C0211,W046,Therapeutic Foster Care,Ohio,2023-06-07,2023-06-21,2023-06-21,0,Compliant,Open,N/A,2023-06
C0212,W036,Family Preservation,West Virginia,2023-01-25,2023-02-01,2023-02-02,1,Non-Compliant,Closed,Aging Out,2023-01
C0213,W010,Foster Care,Ohio,2023-08-09,2023-08-16,2023-08-30,14,Non-Compliant,Closed,Guardianship,2023-08
C0214,W019,Foster Care,Ohio,2023-07-05,2023-08-04,2023-08-04,0,Compliant,Open,N/A,2023-07
C0215,W011,Residential,Kentucky,2023-03-07,2023-03-14,2023-03-13,-1,Compliant,Closed,Guardianship,2023-03
C0216,W050,Family Preservation,Kentucky,2023-07-25,2023-08-24,2023-08-21,-3,Compliant,Open,N/A,2023-07
C0217,W049,Therapeutic Foster Care,Ohio,2023-08-22,2023-08-29,2023-08-30,1,Non-Compliant,Open,N/A,2023-08
C0218,W018,Residential,West Virginia,2023-07-21,2023-08-20,2023-09-01,12,Non-Compliant,Closed,Ongoing,2023-07
C0219,W030,Therapeutic Foster Care,West Virginia,2023-09-01,2023-09-08,2023-09-10,2,Non-Compliant,Open,N/A,2023-09
C0220,W001,Residential,Ohio,2023-08-31,2023-09-14,2023-10-05,21,Non-Compliant,Closed,Reunification,2023-08
C0221,W050,Family Preservation,Kentucky,2023-07-14,2023-07-21,2023-07-31,10,Non-Compliant,Open,N/A,2023-07
C0222,W021,Foster Care,West Virginia,2023-01-10,2023-01-24,2023-01-22,-2,Compliant,Open,N/A,2023-01
C0223,W004,Therapeutic Foster Care,Ohio,2023-03-12,2023-04-11,2023-04-10,-1,Compliant,Under Review,N/A,2023-03
C0224,W032,Therapeutic Foster Care,Kentucky,2023-03-30,2023-04-13,2023-04-26,13,Non-Compliant,Open,N/A,2023-03
C0225,W047,Residential,Kentucky,2023-04-09,2023-04-16,2023-04-15,-1,Compliant,Open,N/A,2023-04
C0226,W030,Residential,West Virginia,2023-04-17,2023-05-17,2023-05-16,-1,Compliant,Open,N/A,2023-04
C0227,W029,Residential,Kentucky,2023-03-04,2023-04-03,2023-04-03,0,Compliant,Closed,Aging Out,2023-03
C0228,W030,Family Preservation,West Virginia,2023-01-22,2023-02-05,2023-02-10,5,Non-Compliant,Open,N/A,2023-01
C0229,W046,Residential,Ohio,2023-04-20,2023-04-27,2023-04-26,-1,Compliant,Under Review,N/A,2023-04
C0230,W011,Family Preservation,Kentucky,2023-05-03,2023-05-10,2023-05-11,1,Non-Compliant,Open,N/A,2023-05
C0231,W040,Foster Care,Ohio,2023-06-19,2023-07-19,2023-07-21,2,Non-Compliant,Closed,Reunification,2023-06
C0232,W042,Family Preservation,West Virginia,2023-09-01,2023-09-15,2023-09-27,12,Non-Compliant,Open,N/A,2023-09
C0233,W023,Foster Care,Kentucky,2023-10-01,2023-10-31,2023-10-28,-3,Compliant,Under Review,N/A,2023-10
C0234,W004,Family Preservation,Ohio,2023-07-23,2023-08-06,2023-08-08,2,Non-Compliant,Under Review,N/A,2023-07
C0235,W003,Foster Care,West Virginia,2023-06-02,2023-07-02,2023-07-01,-1,Compliant,Open,N/A,2023-06
C0236,W015,Therapeutic Foster Care,West Virginia,2023-09-16,2023-09-30,2023-09-27,-3,Compliant,Open,N/A,2023-09
C0237,W017,Residential,Kentucky,2023-01-08,2023-02-07,2023-02-06,-1,Compliant,Closed,Adoption,2023-01
C0238,W040,Therapeutic Foster Care,Ohio,2023-09-21,2023-10-05,2023-10-07,2,Non-Compliant,Open,N/A,2023-09
C0239,W033,Therapeutic Foster Care,West Virginia,2023-05-08,2023-05-15,2023-05-13,-2,Compliant,Open,N/A,2023-05
C0240,W028,Residential,Ohio,2023-01-06,2023-01-20,2023-01-22,2,Non-Compliant,Open,N/A,2023-01
C0241,W029,Therapeutic Foster Care,Kentucky,2023-03-23,2023-04-06,2023-04-08,2,Non-Compliant,Closed,Reunification,2023-03
C0242,W035,Residential,Kentucky,2023-04-24,2023-05-01,2023-05-19,18,Non-Compliant,Open,N/A,2023-04
C0243,W041,Residential,Kentucky,2023-08-30,2023-09-29,2023-10-08,9,Non-Compliant,Closed,Ongoing,2023-08
C0244,W045,Foster Care,West Virginia,2023-09-28,2023-10-28,2023-10-29,1,Non-Compliant,Open,N/A,2023-09
C0245,W015,Family Preservation,West Virginia,2023-03-26,2023-04-09,2023-04-26,17,Non-Compliant,Open,N/A,2023-03
C0246,W007,Therapeutic Foster Care,Ohio,2023-09-19,2023-10-03,2023-10-03,0,Compliant,Open,N/A,2023-09
C0247,W043,Foster Care,Ohio,2023-06-07,2023-07-07,2023-07-06,-1,Compliant,Closed,Adoption,2023-06
C0248,W041,Foster Care,Kentucky,2023-06-26,2023-07-26,2023-07-23,-3,Compliant,Under Review,N/A,2023-06
C0249,W004,Therapeutic Foster Care,Ohio,2023-05-27,2023-06-10,2023-06-08,-2,Compliant,Closed,Aging Out,2023-05
C0250,W043,Therapeutic Foster Care,Ohio,2023-07-13,2023-07-27,2023-07-29,2,Non-Compliant,Closed,Adoption,2023-07
C0251,W011,Residential,Kentucky,2023-04-02,2023-05-02,2023-04-30,-2,Compliant,Closed,Adoption,2023-04
C0252,W030,Foster Care,West Virginia,2023-08-26,2023-09-25,2023-09-25,0,Compliant,Open,N/A,2023-08
C0253,W045,Family Preservation,West Virginia,2023-06-27,2023-07-04,2023-07-06,2,Non-Compliant,Closed,Reunification,2023-06
C0254,W003,Therapeutic Foster Care,West Virginia,2023-05-04,2023-05-11,2023-05-12,1,Non-Compliant,Open,N/A,2023-05
C0255,W023,Foster Care,Kentucky,2023-01-23,2023-02-06,2023-02-07,1,Non-Compliant,Open,N/A,2023-01
C0256,W015,Foster Care,West Virginia,2023-09-15,2023-09-29,2023-10-01,2,Non-Compliant,Closed,Ongoing,2023-09
C0257,W023,Residential,Kentucky,2023-06-04,2023-06-11,2023-06-30,19,Non-Compliant,Open,N/A,2023-06
C0258,W016,Foster Care,Ohio,2023-08-07,2023-09-06,2023-09-05,-1,Compliant,Under Review,N/A,2023-08
C0259,W041,Residential,Kentucky,2023-07-29,2023-08-05,2023-08-03,-2,Compliant,Closed,Aging Out,2023-07
C0260,W028,Family Preservation,Ohio,2023-03-15,2023-03-29,2023-04-18,20,Non-Compliant,Open,N/A,2023-03
C0261,W037,Family Preservation,Ohio,2023-05-05,2023-05-19,2023-05-21,2,Non-Compliant,Open,N/A,2023-05
C0262,W007,Residential,Ohio,2023-04-08,2023-04-15,2023-04-17,2,Non-Compliant,Closed,Reunification,2023-04
C0263,W021,Family Preservation,West Virginia,2023-09-03,2023-09-10,2023-09-23,13,Non-Compliant,Open,N/A,2023-09
C0264,W021,Family Preservation,West Virginia,2023-03-02,2023-04-01,2023-04-19,18,Non-Compliant,Under Review,N/A,2023-03
C0265,W038,Family Preservation,Kentucky,2023-05-03,2023-06-02,2023-06-01,-1,Compliant,Open,N/A,2023-05
C0266,W029,Residential,Kentucky,2023-05-14,2023-05-28,2023-05-28,0,Compliant,Open,N/A,2023-05
C0267,W033,Therapeutic Foster Care,West Virginia,2023-04-15,2023-04-29,2023-04-26,-3,Compliant,Closed,Adoption,2023-04
C0268,W026,Foster Care,Kentucky,2023-08-02,2023-08-16,2023-08-15,-1,Compliant,Open,N/A,2023-08
C0269,W047,Family Preservation,Kentucky,2023-06-22,2023-07-06,2023-07-06,0,Compliant,Under Review,N/A,2023-06
C0270,W044,Therapeutic Foster Care,Kentucky,2023-03-28,2023-04-27,2023-04-25,-2,Compliant,Open,N/A,2023-03
C0271,W005,Family Preservation,Kentucky,2023-09-26,2023-10-03,2023-10-08,5,Non-Compliant,Under Review,N/A,2023-09
C0272,W041,Foster Care,Kentucky,2023-03-12,2023-04-11,2023-04-13,2,Non-Compliant,Open,N/A,2023-03
C0273,W034,Therapeutic Foster Care,Ohio,2023-01-31,2023-03-02,2023-03-03,1,Non-Compliant,Under Review,N/A,2023-01
C0274,W002,Foster Care,Kentucky,2023-09-30,2023-10-30,2023-10-27,-3,Compliant,Open,N/A,2023-09
C0275,W001,Residential,Ohio,2023-09-15,2023-10-15,2023-10-13,-2,Compliant,Open,N/A,2023-09
C0276,W022,Family Preservation,Ohio,2023-04-09,2023-05-09,2023-05-08,-1,Compliant,Open,N/A,2023-04
C0277,W037,Residential,Ohio,2023-08-24,2023-09-23,2023-09-25,2,Non-Compliant,Open,N/A,2023-08
C0278,W005,Foster Care,Kentucky,2023-02-17,2023-03-03,2023-03-04,1,Non-Compliant,Open,N/A,2023-02
C0279,W008,Family Preservation,Kentucky,2023-09-13,2023-09-27,2023-09-26,-1,Compliant,Closed,Reunification,2023-09
C0280,W024,Foster Care,West Virginia,2023-04-19,2023-05-19,2023-06-06,18,Non-Compliant,Open,N/A,2023-04
C0281,W006,Residential,West Virginia,2023-04-02,2023-04-16,2023-04-14,-2,Compliant,Closed,Aging Out,2023-04
C0282,W018,Residential,West Virginia,2023-05-04,2023-06-03,2023-06-18,15,Non-Compliant,Closed,Ongoing,2023-05
C0283,W007,Family Preservation,Ohio,2023-09-14,2023-10-14,2023-10-18,4,Non-Compliant,Open,N/A,2023-09
C0284,W031,Foster Care,Ohio,2023-07-23,2023-08-06,2023-08-05,-1,Compliant,Closed,Aging Out,2023-07
C0285,W038,Residential,Kentucky,2023-08-10,2023-08-17,2023-08-19,2,Non-Compliant,Open,N/A,2023-08
C0286,W023,Residential,Kentucky,2023-02-07,2023-02-14,2023-02-14,0,Compliant,Closed,Adoption,2023-02
C0287,W035,Residential,Kentucky,2023-02-24,2023-03-03,2023-03-02,-1,Compliant,Open,N/A,2023-02
C0288,W014,Foster Care,Kentucky,2023-02-14,2023-02-21,2023-02-22,1,Non-Compliant,Closed,Aging Out,2023-02
C0289,W034,Foster Care,Ohio,2023-02-17,2023-03-19,2023-03-18,-1,Compliant,Closed,Reunification,2023-02
C0290,W007,Therapeutic Foster Care,Ohio,2023-05-05,2023-06-04,2023-06-06,2,Non-Compliant,Open,N/A,2023-05
C0291,W025,Residential,Ohio,2023-09-10,2023-09-17,2023-09-17,0,Compliant,Open,N/A,2023-09
C0292,W034,Foster Care,Ohio,2023-05-09,2023-05-16,2023-05-16,0,Compliant,Closed,Adoption,2023-05
C0293,W029,Family Preservation,Kentucky,2023-01-04,2023-01-18,2023-01-19,1,Non-Compliant,Open,N/A,2023-01
C0294,W033,Therapeutic Foster Care,West Virginia,2023-08-09,2023-09-08,2023-09-15,7,Non-Compliant,Open,N/A,2023-08
C0295,W047,Family Preservation,Kentucky,2023-06-10,2023-06-17,2023-06-30,13,Non-Compliant,Open,N/A,2023-06
C0296,W023,Therapeutic Foster Care,Kentucky,2023-06-16,2023-06-30,2023-06-30,0,Compliant,Open,N/A,2023-06
C0297,W018,Family Preservation,West Virginia,2023-01-14,2023-02-13,2023-02-15,2,Non-Compliant,Open,N/A,2023-01
C0298,W041,Foster Care,Kentucky,2023-09-13,2023-09-20,2023-09-18,-2,Compliant,Open,N/A,2023-09
C0299,W037,Therapeutic Foster Care,Ohio,2023-02-07,2023-02-21,2023-03-11,18,Non-Compliant,Closed,Ongoing,2023-02
C0300,W005,Therapeutic Foster Care,Kentucky,2023-07-04,2023-08-03,2023-08-23,20,Non-Compliant,Closed,Reunification,2023-07
C0301,W034,Family Preservation,Ohio,2023-03-27,2023-04-26,2023-04-27,1,Non-Compliant,Under Review,N/A,2023-03
C0302,W032,Therapeutic Foster Care,Kentucky,2023-08-09,2023-08-16,2023-08-15,-1,Compliant,Open,N/A,2023-08
C0303,W044,Family Preservation,Kentucky,2023-07-11,2023-07-25,2023-07-27,2,Non-Compliant,Closed,Ongoing,2023-07
C0304,W046,Foster Care,Ohio,2023-02-23,2023-03-09,2023-03-06,-3,Compliant,Open,N/A,2023-02
C0305,W036,Family Preservation,West Virginia,2023-06-09,2023-06-23,2023-06-21,-2,Compliant,Open,N/A,2023-06
C0306,W043,Foster Care,Ohio,2023-08-20,2023-09-03,2023-08-31,-3,Compliant,Closed,Reunification,2023-08
C0307,W010,Residential,Ohio,2023-03-26,2023-04-25,2023-04-23,-2,Compliant,Closed,Guardianship,2023-03
C0308,W023,Therapeutic Foster Care,Kentucky,2023-07-27,2023-08-26,2023-08-28,2,Non-Compliant,Closed,Aging Out,2023-07
C0309,W043,Family Preservation,Ohio,2023-08-08,2023-08-22,2023-08-20,-2,Compliant,Open,N/A,2023-08
C0310,W011,Foster Care,Kentucky,2023-04-06,2023-04-20,2023-04-20,0,Compliant,Open,N/A,2023-04
C0311,W050,Therapeutic Foster Care,Kentucky,2023-06-10,2023-07-10,2023-07-10,0,Compliant,Closed,Guardianship,2023-06
C0312,W016,Therapeutic Foster Care,Ohio,2023-06-02,2023-07-02,2023-07-04,2,Non-Compliant,Open,N/A,2023-06
C0313,W010,Residential,Ohio,2023-04-04,2023-04-18,2023-04-19,1,Non-Compliant,Open,N/A,2023-04
C0314,W041,Therapeutic Foster Care,Kentucky,2023-04-06,2023-04-20,2023-04-22,2,Non-Compliant,Under Review,N/A,2023-04
C0315,W018,Family Preservation,West Virginia,2023-09-08,2023-09-22,2023-09-21,-1,Compliant,Closed,Ongoing,2023-09
C0316,W001,Residential,Ohio,2023-09-06,2023-09-13,2023-09-13,0,Compliant,Under Review,N/A,2023-09
C0317,W041,Therapeutic Foster Care,Kentucky,2023-09-09,2023-09-23,2023-09-23,0,Compliant,Open,N/A,2023-09
C0318,W022,Foster Care,Ohio,2023-05-30,2023-06-06,2023-06-07,1,Non-Compliant,Open,N/A,2023-05
C0319,W050,Therapeutic Foster Care,Kentucky,2023-02-27,2023-03-29,2023-03-30,1,Non-Compliant,Closed,Guardianship,2023-02
C0320,W044,Foster Care,Kentucky,2023-04-22,2023-05-06,2023-05-08,2,Non-Compliant,Closed,Guardianship,2023-04
C0321,W045,Foster Care,West Virginia,2023-05-15,2023-05-29,2023-06-03,5,Non-Compliant,Open,N/A,2023-05
C0322,W021,Family Preservation,West Virginia,2023-06-29,2023-07-29,2023-08-14,16,Non-Compliant,Open,N/A,2023-06
C0323,W019,Family Preservation,Ohio,2023-01-31,2023-03-02,2023-03-01,-1,Compliant,Closed,Adoption,2023-01
C0324,W028,Residential,Ohio,2023-05-17,2023-06-16,2023-06-22,6,Non-Compliant,Open,N/A,2023-05
C0325,W005,Therapeutic Foster Care,Kentucky,2023-05-22,2023-06-21,2023-06-19,-2,Compliant,Open,N/A,2023-05
C0326,W038,Family Preservation,Kentucky,2023-09-08,2023-09-15,2023-09-14,-1,Compliant,Closed,Aging Out,2023-09
C0327,W038,Foster Care,Kentucky,2023-09-21,2023-10-21,2023-10-20,-1,Compliant,Open,N/A,2023-09
C0328,W008,Foster Care,Kentucky,2023-08-23,2023-09-22,2023-09-21,-1,Compliant,Closed,Ongoing,2023-08
C0329,W019,Therapeutic Foster Care,Ohio,2023-09-11,2023-09-25,2023-09-24,-1,Compliant,Open,N/A,2023-09
C0330,W032,Therapeutic Foster Care,Kentucky,2023-01-25,2023-02-01,2023-02-01,0,Compliant,Open,N/A,2023-01
C0331,W045,Family Preservation,West Virginia,2023-08-22,2023-08-29,2023-09-14,16,Non-Compliant,Open,N/A,2023-08
C0332,W029,Family Preservation,Kentucky,2023-03-23,2023-04-06,2023-04-05,-1,Compliant,Open,N/A,2023-03
C0333,W004,Family Preservation,Ohio,2023-07-22,2023-08-21,2023-08-23,2,Non-Compliant,Closed,Aging Out,2023-07
C0334,W002,Foster Care,Kentucky,2023-04-20,2023-05-04,2023-05-05,1,Non-Compliant,Open,N/A,2023-04
C0335,W002,Foster Care,Kentucky,2023-06-25,2023-07-02,2023-07-18,16,Non-Compliant,Closed,Aging Out,2023-06
C0336,W007,Therapeutic Foster Care,Ohio,2023-02-22,2023-03-01,2023-02-28,-1,Compliant,Open,N/A,2023-02
C0337,W014,Family Preservation,Kentucky,2023-02-05,2023-03-07,2023-03-08,1,Non-Compliant,Closed,Aging Out,2023-02
C0338,W013,Family Preservation,Ohio,2023-07-30,2023-08-29,2023-08-27,-2,Compliant,Open,N/A,2023-07
C0339,W037,Foster Care,Ohio,2023-06-29,2023-07-13,2023-07-11,-2,Compliant,Open,N/A,2023-06
C0340,W029,Family Preservation,Kentucky,2023-01-14,2023-02-13,2023-02-22,9,Non-Compliant,Open,N/A,2023-01
C0341,W029,Therapeutic Foster Care,Kentucky,2023-01-28,2023-02-04,2023-02-01,-3,Compliant,Open,N/A,2023-01
C0342,W050,Foster Care,Kentucky,2023-01-07,2023-01-21,2023-01-28,7,Non-Compliant,Open,N/A,2023-01
C0343,W036,Therapeutic Foster Care,West Virginia,2023-03-30,2023-04-13,2023-04-18,5,Non-Compliant,Open,N/A,2023-03
C0344,W019,Residential,Ohio,2023-01-21,2023-01-28,2023-02-12,15,Non-Compliant,Open,N/A,2023-01
C0345,W041,Therapeutic Foster Care,Kentucky,2023-07-25,2023-08-01,2023-08-02,1,Non-Compliant,Closed,Guardianship,2023-07
C0346,W049,Foster Care,Ohio,2023-04-15,2023-04-22,2023-04-22,0,Compliant,Closed,Reunification,2023-04
C0347,W022,Therapeutic Foster Care,Ohio,2023-01-30,2023-02-06,2023-02-06,0,Compliant,Open,N/A,2023-01
C0348,W029,Foster Care,Kentucky,2023-03-31,2023-04-07,2023-04-05,-2,Compliant,Closed,Adoption,2023-03
C0349,W050,Residential,Kentucky,2023-09-22,2023-10-22,2023-10-21,-1,Compliant,Open,N/A,2023-09
C0350,W011,Residential,Kentucky,2023-01-16,2023-01-30,2023-02-10,11,Non-Compliant,Open,N/A,2023-01
C0351,W046,Foster Care,Ohio,2023-08-22,2023-09-21,2023-09-21,0,Compliant,Closed,Adoption,2023-08
C0352,W010,Residential,Ohio,2023-03-01,2023-03-08,2023-03-05,-3,Compliant,Open,N/A,2023-03
C0353,W006,Family Preservation,West Virginia,2023-08-30,2023-09-13,2023-09-11,-2,Compliant,Open,N/A,2023-08
C0354,W042,Foster Care,West Virginia,2023-04-25,2023-05-09,2023-05-11,2,Non-Compliant,Open,N/A,2023-04
C0355,W012,Residential,West Virginia,2023-09-15,2023-10-15,2023-10-23,8,Non-Compliant,Open,N/A,2023-09
C0356,W038,Foster Care,Kentucky,2023-02-05,2023-02-19,2023-03-03,12,Non-Compliant,Open,N/A,2023-02
C0357,W035,Foster Care,Kentucky,2023-04-13,2023-04-27,2023-04-26,-1,Compliant,Closed,Adoption,2023-04
C0358,W020,Therapeutic Foster Care,Kentucky,2023-05-06,2023-05-13,2023-05-13,0,Compliant,Open,N/A,2023-05
C0359,W032,Foster Care,Kentucky,2023-01-01,2023-01-31,2023-02-02,2,Non-Compliant,Closed,Reunification,2023-01
C0360,W040,Family Preservation,Ohio,2023-09-09,2023-09-16,2023-09-23,7,Non-Compliant,Closed,Reunification,2023-09
C0361,W049,Family Preservation,Ohio,2023-07-31,2023-08-30,2023-09-16,17,Non-Compliant,Under Review,N/A,2023-07
C0362,W049,Foster Care,Ohio,2023-03-10,2023-04-09,2023-04-06,-3,Compliant,Closed,Reunification,2023-03
C0363,W022,Family Preservation,Ohio,2023-05-30,2023-06-13,2023-06-13,0,Compliant,Closed,Guardianship,2023-05
C0364,W022,Residential,Ohio,2023-02-08,2023-02-15,2023-02-16,1,Non-Compliant,Open,N/A,2023-02
C0365,W043,Therapeutic Foster Care,Ohio,2023-06-10,2023-06-24,2023-06-23,-1,Compliant,Under Review,N/A,2023-06
C0366,W043,Residential,Ohio,2023-05-16,2023-05-23,2023-05-25,2,Non-Compliant,Open,N/A,2023-05
C0367,W020,Foster Care,Kentucky,2023-06-17,2023-06-24,2023-06-22,-2,Compliant,Under Review,N/A,2023-06
C0368,W028,Foster Care,Ohio,2023-05-14,2023-05-21,2023-05-21,0,Compliant,Closed,Ongoing,2023-05
C0369,W011,Family Preservation,Kentucky,2023-08-25,2023-09-01,2023-09-08,7,Non-Compliant,Open,N/A,2023-08
C0370,W013,Family Preservation,Ohio,2023-04-12,2023-04-26,2023-04-28,2,Non-Compliant,Under Review,N/A,2023-04
C0371,W007,Residential,Ohio,2023-01-12,2023-01-19,2023-01-21,2,Non-Compliant,Open,N/A,2023-01
C0372,W010,Residential,Ohio,2023-01-22,2023-02-05,2023-02-06,1,Non-Compliant,Open,N/A,2023-01
C0373,W002,Therapeutic Foster Care,Kentucky,2023-07-15,2023-08-14,2023-08-13,-1,Compliant,Open,N/A,2023-07
C0374,W043,Residential,Ohio,2023-03-18,2023-03-25,2023-03-26,1,Non-Compliant,Open,N/A,2023-03
C0375,W046,Therapeutic Foster Care,Ohio,2023-02-01,2023-02-08,2023-02-06,-2,Compliant,Open,N/A,2023-02
C0376,W002,Family Preservation,Kentucky,2023-07-15,2023-08-14,2023-08-15,1,Non-Compliant,Closed,Guardianship,2023-07
C0377,W039,Residential,West Virginia,2023-05-19,2023-05-26,2023-05-27,1,Non-Compliant,Open,N/A,2023-05
C0378,W006,Residential,West Virginia,2023-08-30,2023-09-29,2023-09-30,1,Non-Compliant,Under Review,N/A,2023-08
C0379,W024,Foster Care,West Virginia,2023-05-04,2023-05-18,2023-05-20,2,Non-Compliant,Open,N/A,2023-05
C0380,W039,Family Preservation,West Virginia,2023-07-01,2023-07-08,2023-07-09,1,Non-Compliant,Open,N/A,2023-07
C0381,W002,Residential,Kentucky,2023-06-30,2023-07-30,2023-07-31,1,Non-Compliant,Under Review,N/A,2023-06
C0382,W030,Therapeutic Foster Care,West Virginia,2023-03-31,2023-04-14,2023-04-11,-3,Compliant,Open,N/A,2023-03
C0383,W001,Therapeutic Foster Care,Ohio,2023-06-19,2023-07-19,2023-07-17,-2,Compliant,Open,N/A,2023-06
C0384,W004,Residential,Ohio,2023-01-12,2023-01-19,2023-01-17,-2,Compliant,Closed,Ongoing,2023-01
C0385,W036,Foster Care,West Virginia,2023-07-22,2023-08-21,2023-08-20,-1,Compliant,Open,N/A,2023-07
C0386,W048,Therapeutic Foster Care,West Virginia,2023-06-12,2023-06-19,2023-06-20,1,Non-Compliant,Closed,Ongoing,2023-06
C0387,W017,Family Preservation,Kentucky,2023-07-13,2023-07-27,2023-07-26,-1,Compliant,Open,N/A,2023-07
C0388,W005,Therapeutic Foster Care,Kentucky,2023-04-04,2023-05-04,2023-05-05,1,Non-Compliant,Open,N/A,2023-04
C0389,W014,Therapeutic Foster Care,Kentucky,2023-06-19,2023-07-19,2023-07-18,-1,Compliant,Under Review,N/A,2023-06
C0390,W031,Foster Care,Ohio,2023-08-17,2023-08-24,2023-08-22,-2,Compliant,Closed,Guardianship,2023-08
C0391,W001,Foster Care,Ohio,2023-01-25,2023-02-08,2023-02-08,0,Compliant,Under Review,N/A,2023-01
C0392,W039,Therapeutic Foster Care,West Virginia,2023-06-29,2023-07-29,2023-07-29,0,Compliant,Closed,Ongoing,2023-06
C0393,W017,Family Preservation,Kentucky,2023-08-20,2023-08-27,2023-08-24,-3,Compliant,Open,N/A,2023-08
C0394,W007,Foster Care,Ohio,2023-06-25,2023-07-02,2023-07-10,8,Non-Compliant,Closed,Ongoing,2023-06
C0395,W033,Foster Care,West Virginia,2023-09-05,2023-10-05,2023-10-07,2,Non-Compliant,Open,N/A,2023-09
C0396,W006,Family Preservation,West Virginia,2023-02-21,2023-03-07,2023-03-05,-2,Compliant,Open,N/A,2023-02
C0397,W029,Residential,Kentucky,2023-06-02,2023-06-09,2023-06-09,0,Compliant,Closed,Aging Out,2023-06
C0398,W001,Residential,Ohio,2023-08-07,2023-08-14,2023-08-16,2,Non-Compliant,Closed,Aging Out,2023-08
C0399,W019,Foster Care,Ohio,2023-03-29,2023-04-28,2023-04-25,-3,Compliant,Open,N/A,2023-03
C0400,W046,Therapeutic Foster Care,Ohio,2023-09-08,2023-10-08,2023-10-10,2,Non-Compliant,Open,N/A,2023-09
C0401,W034,Therapeutic Foster Care,Ohio,2023-04-06,2023-04-20,2023-04-20,0,Compliant,Open,N/A,2023-04
C0402,W004,Residential,Ohio,2023-03-19,2023-04-18,2023-04-15,-3,Compliant,Closed,Ongoing,2023-03
C0403,W004,Family Preservation,Ohio,2023-07-18,2023-08-17,2023-08-18,1,Non-Compliant,Closed,Aging Out,2023-07
C0404,W047,Family Preservation,Kentucky,2023-06-03,2023-06-10,2023-06-12,2,Non-Compliant,Open,N/A,2023-06
C0405,W011,Family Preservation,Kentucky,2023-08-18,2023-08-25,2023-09-02,8,Non-Compliant,Under Review,N/A,2023-08
C0406,W006,Family Preservation,West Virginia,2023-08-05,2023-08-12,2023-08-28,16,Non-Compliant,Open,N/A,2023-08
C0407,W027,Family Preservation,West Virginia,2023-06-13,2023-07-13,2023-07-18,5,Non-Compliant,Open,N/A,2023-06
C0408,W026,Residential,Kentucky,2023-09-24,2023-10-08,2023-10-11,3,Non-Compliant,Closed,Ongoing,2023-09
C0409,W011,Therapeutic Foster Care,Kentucky,2023-08-01,2023-08-08,2023-08-09,1,Non-Compliant,Closed,Reunification,2023-08
C0410,W030,Foster Care,West Virginia,2023-06-26,2023-07-10,2023-07-12,2,Non-Compliant,Open,N/A,2023-06
C0411,W017,Foster Care,Kentucky,2023-05-22,2023-06-05,2023-06-06,1,Non-Compliant,Closed,Aging Out,2023-05
C0412,W022,Residential,Ohio,2023-01-26,2023-02-25,2023-02-24,-1,Compliant,Closed,Reunification,2023-01
C0413,W028,Residential,Ohio,2023-05-24,2023-06-07,2023-06-09,2,Non-Compliant,Open,N/A,2023-05
C0414,W030,Family Preservation,West Virginia,2023-08-15,2023-08-29,2023-08-29,0,Compliant,Closed,Reunification,2023-08
C0415,W040,Family Preservation,Ohio,2023-09-06,2023-10-06,2023-10-03,-3,Compliant,Open,N/A,2023-09
C0416,W049,Residential,Ohio,2023-07-26,2023-08-02,2023-08-03,1,Non-Compliant,Closed,Reunification,2023-07
C0417,W004,Family Preservation,Ohio,2023-05-08,2023-05-15,2023-05-14,-1,Compliant,Closed,Guardianship,2023-05
C0418,W049,Therapeutic Foster Care,Ohio,2023-07-23,2023-08-22,2023-08-25,3,Non-Compliant,Open,N/A,2023-07
C0419,W017,Therapeutic Foster Care,Kentucky,2023-08-31,2023-09-30,2023-09-29,-1,Compliant,Open,N/A,2023-08
C0420,W030,Foster Care,West Virginia,2023-01-15,2023-01-29,2023-01-30,1,Non-Compliant,Closed,Adoption,2023-01
C0421,W021,Family Preservation,West Virginia,2023-05-18,2023-06-17,2023-06-14,-3,Compliant,Closed,Reunification,2023-05
C0422,W017,Family Preservation,Kentucky,2023-01-05,2023-01-12,2023-01-11,-1,Compliant,Closed,Guardianship,2023-01
C0423,W034,Therapeutic Foster Care,Ohio,2023-08-24,2023-09-07,2023-09-06,-1,Compliant,Closed,Ongoing,2023-08
C0424,W001,Foster Care,Ohio,2023-09-19,2023-10-19,2023-11-02,14,Non-Compliant,Closed,Ongoing,2023-09
C0425,W011,Residential,Kentucky,2023-09-04,2023-09-11,2023-09-10,-1,Compliant,Closed,Guardianship,2023-09
C0426,W019,Residential,Ohio,2023-03-18,2023-04-17,2023-04-14,-3,Compliant,Closed,Ongoing,2023-03
C0427,W013,Residential,Ohio,2023-01-14,2023-02-13,2023-02-12,-1,Compliant,Open,N/A,2023-01
C0428,W004,Therapeutic Foster Care,Ohio,2023-04-08,2023-04-22,2023-04-20,-2,Compliant,Closed,Aging Out,2023-04
C0429,W030,Residential,West Virginia,2023-03-29,2023-04-28,2023-05-06,8,Non-Compliant,Open,N/A,2023-03
C0430,W017,Residential,Kentucky,2023-06-21,2023-07-21,2023-07-20,-1,Compliant,Open,N/A,2023-06
C0431,W033,Therapeutic Foster Care,West Virginia,2023-07-10,2023-07-24,2023-07-24,0,Compliant,Closed,Aging Out,2023-07
C0432,W046,Foster Care,Ohio,2023-04-10,2023-05-10,2023-05-12,2,Non-Compliant,Open,N/A,2023-04
C0433,W013,Foster Care,Ohio,2023-03-12,2023-03-19,2023-03-20,1,Non-Compliant,Closed,Aging Out,2023-03
C0434,W007,Family Preservation,Ohio,2023-09-07,2023-09-21,2023-09-19,-2,Compliant,Open,N/A,2023-09
C0435,W025,Therapeutic Foster Care,Ohio,2023-04-18,2023-04-25,2023-04-23,-2,Compliant,Open,N/A,2023-04
C0436,W014,Foster Care,Kentucky,2023-08-11,2023-09-10,2023-09-10,0,Compliant,Under Review,N/A,2023-08
C0437,W019,Foster Care,Ohio,2023-07-11,2023-07-18,2023-08-06,19,Non-Compliant,Open,N/A,2023-07
C0438,W023,Family Preservation,Kentucky,2023-06-26,2023-07-10,2023-07-10,0,Compliant,Open,N/A,2023-06
C0439,W004,Foster Care,Ohio,2023-06-02,2023-06-16,2023-06-17,1,Non-Compliant,Closed,Guardianship,2023-06
C0440,W031,Family Preservation,Ohio,2023-09-08,2023-09-22,2023-09-20,-2,Compliant,Under Review,N/A,2023-09
C0441,W003,Therapeutic Foster Care,West Virginia,2023-04-27,2023-05-04,2023-05-11,7,Non-Compliant,Open,N/A,2023-04
C0442,W010,Family Preservation,Ohio,2023-07-07,2023-08-06,2023-08-03,-3,Compliant,Open,N/A,2023-07
C0443,W005,Foster Care,Kentucky,2023-02-25,2023-03-27,2023-03-31,4,Non-Compliant,Closed,Aging Out,2023-02
C0444,W025,Foster Care,Ohio,2023-08-31,2023-09-30,2023-10-02,2,Non-Compliant,Closed,Reunification,2023-08
C0445,W049,Foster Care,Ohio,2023-05-19,2023-06-18,2023-06-16,-2,Compliant,Open,N/A,2023-05
C0446,W030,Foster Care,West Virginia,2023-02-28,2023-03-07,2023-03-08,1,Non-Compliant,Open,N/A,2023-02
C0447,W034,Family Preservation,Ohio,2023-07-29,2023-08-12,2023-08-13,1,Non-Compliant,Open,N/A,2023-07
C0448,W031,Therapeutic Foster Care,Ohio,2023-05-01,2023-05-08,2023-05-05,-3,Compliant,Under Review,N/A,2023-05
C0449,W015,Therapeutic Foster Care,West Virginia,2023-02-16,2023-03-18,2023-03-20,2,Non-Compliant,Open,N/A,2023-02
C0450,W043,Family Preservation,Ohio,2023-06-01,2023-06-15,2023-06-12,-3,Compliant,Closed,Reunification,2023-06
C0451,W033,Residential,West Virginia,2023-08-07,2023-09-06,2023-09-03,-3,Compliant,Open,N/A,2023-08
C0452,W031,Family Preservation,Ohio,2023-07-03,2023-07-17,2023-07-28,11,Non-Compliant,Closed,Reunification,2023-07
C0453,W016,Residential,Ohio,2023-02-28,2023-03-14,2023-03-14,0,Compliant,Open,N/A,2023-02
C0454,W040,Therapeutic Foster Care,Ohio,2023-03-27,2023-04-03,2023-04-05,2,Non-Compliant,Open,N/A,2023-03
C0455,W012,Family Preservation,West Virginia,2023-08-02,2023-09-01,2023-09-02,1,Non-Compliant,Closed,Adoption,2023-08
C0456,W002,Residential,Kentucky,2023-03-08,2023-03-22,2023-03-28,6,Non-Compliant,Closed,Aging Out,2023-03
C0457,W031,Residential,Ohio,2023-01-07,2023-02-06,2023-02-07,1,Non-Compliant,Closed,Ongoing,2023-01
C0458,W032,Family Preservation,Kentucky,2023-09-23,2023-10-23,2023-10-24,1,Non-Compliant,Open,N/A,2023-09
C0459,W047,Family Preservation,Kentucky,2023-06-27,2023-07-27,2023-07-27,0,Compliant,Open,N/A,2023-06
C0460,W003,Foster Care,West Virginia,2023-03-22,2023-04-21,2023-05-09,18,Non-Compliant,Closed,Reunification,2023-03
C0461,W023,Residential,Kentucky,2023-06-19,2023-07-03,2023-07-01,-2,Compliant,Closed,Aging Out,2023-06
C0462,W007,Family Preservation,Ohio,2023-08-24,2023-09-07,2023-09-07,0,Compliant,Open,N/A,2023-08
C0463,W011,Residential,Kentucky,2023-09-12,2023-10-12,2023-10-09,-3,Compliant,Open,N/A,2023-09
C0464,W007,Foster Care,Ohio,2023-06-05,2023-07-05,2023-07-07,2,Non-Compliant,Closed,Guardianship,2023-06
C0465,W022,Foster Care,Ohio,2023-08-21,2023-09-04,2023-09-05,1,Non-Compliant,Closed,Guardianship,2023-08
C0466,W011,Foster Care,Kentucky,2023-04-24,2023-05-01,2023-05-03,2,Non-Compliant,Under Review,N/A,2023-04
C0467,W010,Residential,Ohio,2023-01-24,2023-01-31,2023-02-02,2,Non-Compliant,Closed,Aging Out,2023-01
C0468,W019,Family Preservation,Ohio,2023-03-03,2023-03-17,2023-03-15,-2,Compliant,Closed,Reunification,2023-03
C0469,W011,Foster Care,Kentucky,2023-08-19,2023-09-02,2023-09-03,1,Non-Compliant,Open,N/A,2023-08
C0470,W041,Foster Care,Kentucky,2023-09-05,2023-10-05,2023-10-03,-2,Compliant,Closed,Adoption,2023-09
C0471,W011,Family Preservation,Kentucky,2023-07-18,2023-08-17,2023-08-16,-1,Compliant,Open,N/A,2023-07
C0472,W025,Family Preservation,Ohio,2023-07-23,2023-08-06,2023-08-23,17,Non-Compliant,Closed,Adoption,2023-07
C0473,W031,Residential,Ohio,2023-04-22,2023-04-29,2023-05-01,2,Non-Compliant,Open,N/A,2023-04
C0474,W016,Family Preservation,Ohio,2023-09-15,2023-10-15,2023-10-14,-1,Compliant,Closed,Guardianship,2023-09
C0475,W029,Therapeutic Foster Care,Kentucky,2023-08-05,2023-08-12,2023-08-09,-3,Compliant,Open,N/A,2023-08
C0476,W019,Foster Care,Ohio,2023-05-17,2023-05-24,2023-06-04,11,Non-Compliant,Open,N/A,2023-05
C0477,W019,Residential,Ohio,2023-01-17,2023-01-31,2023-01-28,-3,Compliant,Closed,Ongoing,2023-01
C0478,W024,Therapeutic Foster Care,West Virginia,2023-09-19,2023-10-19,2023-10-21,2,Non-Compliant,Open,N/A,2023-09
C0479,W031,Therapeutic Foster Care,Ohio,2023-01-28,2023-02-04,2023-02-02,-2,Compliant,Closed,Aging Out,2023-01
C0480,W021,Residential,West Virginia,2023-04-10,2023-04-24,2023-04-26,2,Non-Compliant,Open,N/A,2023-04
C0481,W039,Foster Care,West Virginia,2023-01-21,2023-02-04,2023-02-03,-1,Compliant,Open,N/A,2023-01
C0482,W002,Residential,Kentucky,2023-06-19,2023-07-03,2023-07-01,-2,Compliant,Open,N/A,2023-06
C0483,W030,Foster Care,West Virginia,2023-09-09,2023-10-09,2023-10-06,-3,Compliant,Closed,Guardianship,2023-09
C0484,W050,Family Preservation,Kentucky,2023-02-04,2023-03-06,2023-03-07,1,Non-Compliant,Open,N/A,2023-02
C0485,W019,Family Preservation,Ohio,2023-06-19,2023-07-03,2023-07-01,-2,Compliant,Under Review,N/A,2023-06
C0486,W002,Therapeutic Foster Care,Kentucky,2023-02-28,2023-03-30,2023-03-28,-2,Compliant,Under Review,N/A,2023-02
C0487,W005,Family Preservation,Kentucky,2023-06-14,2023-06-28,2023-07-04,6,Non-Compliant,Open,N/A,2023-06
C0488,W002,Residential,Kentucky,2023-09-22,2023-10-06,2023-10-07,1,Non-Compliant,Open,N/A,2023-09
C0489,W031,Family Preservation,Ohio,2023-09-21,2023-09-28,2023-10-06,8,Non-Compliant,Under Review,N/A,2023-09
C0490,W008,Foster Care,Kentucky,2023-04-18,2023-05-18,2023-05-16,-2,Compliant,Closed,Aging Out,2023-04
C0491,W042,Family Preservation,West Virginia,2023-02-06,2023-03-08,2023-03-11,3,Non-Compliant,Open,N/A,2023-02
C0492,W007,Foster Care,Ohio,2023-01-28,2023-02-04,2023-02-05,1,Non-Compliant,Open,N/A,2023-01
C0493,W042,Residential,West Virginia,2023-07-18,2023-08-01,2023-08-01,0,Compliant,Open,N/A,2023-07
C0494,W001,Foster Care,Ohio,2023-02-02,2023-03-04,2023-03-06,2,Non-Compliant,Closed,Guardianship,2023-02
C0495,W030,Foster Care,West Virginia,2023-06-04,2023-07-04,2023-07-04,0,Compliant,Open,N/A,2023-06
C0496,W048,Foster Care,West Virginia,2023-03-22,2023-04-21,2023-04-23,2,Non-Compliant,Open,N/A,2023-03
C0497,W014,Residential,Kentucky,2023-06-02,2023-07-02,2023-07-16,14,Non-Compliant,Under Review,N/A,2023-06
C0498,W010,Family Preservation,Ohio,2023-01-22,2023-01-29,2023-01-29,0,Compliant,Open,N/A,2023-01
C0499,W021,Residential,West Virginia,2023-06-26,2023-07-03,2023-07-05,2,Non-Compliant,Closed,Adoption,2023-06
C0500,W025,Family Preservation,Ohio,2023-04-10,2023-04-17,2023-04-18,1,Non-Compliant,Closed,Ongoing,2023-04
